ingredient_name,common_aliases,category,concern_level,explanation,skin_types_to_avoid,benefit
Sodium Lauryl Sulfate,"SLS, Sodium Laurilsulfate, Sodium Dodecyl Sulfate",Sulfate,Avoid,Harsh surfactant that strips the skin's natural oils and disrupts the skin barrier. One of the most irritating cleansing agents used in cosmetics.,"sensitive, dry, acne-prone, eczema",none
Sodium Laureth Sulfate,"SLES, Sodium Lauryl Ether Sulfate, Sodium Polyoxyethylene Lauryl Ether Sulfate",Sulfate,Caution,"Milder than SLS but still a strong surfactant. Can cause irritation with prolonged use, especially in sensitive individuals.","sensitive, dry, eczema",none
Ammonium Lauryl Sulfate,"ALS, Ammonium Dodecyl Sulfate",Sulfate,Avoid,Similar to SLS in irritation potential. Strips natural oils and can cause dryness and redness.,"sensitive, dry, acne-prone",none
Ammonium Laureth Sulfate,ALES,Sulfate,Caution,Slightly milder than ALS. Still a strong cleanser that can disrupt the skin barrier over time.,"sensitive, dry",none
Sodium Coco Sulfate,"SCS, Coconut Sulfate",Sulfate,Caution,Derived from coconut oil but still a harsh sulfate. Often marketed as natural but can be irritating.,"sensitive, eczema",none
Sodium Myreth Sulfate,SMS,Sulfate,Caution,Surfactant used in cleansers. Moderately irritating and can cause dryness with frequent use.,"sensitive, dry",none
Sodium Xylenesulfonate,,Sulfate,Caution,Used as a solubiliser and viscosity agent. Can be irritating at higher concentrations.,sensitive,none
TEA Lauryl Sulfate,Triethanolamine Lauryl Sulfate,Sulfate,Avoid,Strong surfactant with irritation potential. TEA compounds can form nitrosamines which are a safety concern.,all,none
Sodium Olefin Sulfonate,"Alpha Olefin Sulfonate, AOS",Sulfate,Caution,Strong cleansing agent that can strip moisture and cause irritation in sensitive individuals.,"sensitive, dry",none
Disodium Laureth Sulfosuccinate,,Sulfate,Safe,One of the gentlest sulfate-based surfactants. Much milder than SLS or SLES. Generally well tolerated.,none,none
Sodium Lauryl Sulfoacetate,SLSA,Sulfate,Safe,Derived from coconut and palm oils. Gentler than SLS and less likely to cause irritation.,none,none
Sodium Cocoyl Isethionate,"SCI, Baby Foam",Sulfate,Safe,Very mild sulfate-free surfactant derived from coconut oil. Gentle enough for sensitive and baby skin.,none,none
Methylparaben,"Methyl 4-hydroxybenzoate, Nipagin M",Paraben,Caution,"Most commonly used paraben preservative. Concerns exist around weak estrogenic activity and potential endocrine disruption, though evidence is debated.","sensitive, hormonal-acne",none
Propylparaben,"Propyl 4-hydroxybenzoate, Nipasol",Paraben,Caution,Stronger estrogenic activity than methylparaben. More concerning from an endocrine disruption standpoint.,"sensitive, hormonal-acne",none
Butylparaben,Butyl 4-hydroxybenzoate,Paraben,Avoid,Has the strongest estrogenic activity among common parabens. EU has restricted its use in cosmetics for children under 3.,all,none
Ethylparaben,Ethyl 4-hydroxybenzoate,Paraben,Caution,Moderate estrogenic activity. Less studied than methyl and propylparaben but shares similar concerns.,"sensitive, hormonal-acne",none
Isobutylparaben,Isobutyl 4-hydroxybenzoate,Paraben,Avoid,Strong estrogenic activity similar to butylparaben. Restricted in EU for leave-on products.,all,none
Isopropylparaben,Isopropyl 4-hydroxybenzoate,Paraben,Avoid,Restricted in EU cosmetics. Significant endocrine disruption concerns.,all,none
Benzylparaben,Benzyl 4-hydroxybenzoate,Paraben,Avoid,Least commonly used paraben but carries significant sensitisation risk alongside endocrine concerns.,all,none
Sodium Methylparaben,,Paraben,Caution,Sodium salt form of methylparaben. Same concerns as methylparaben apply.,"sensitive, hormonal-acne",none
Sodium Propylparaben,,Paraben,Caution,Sodium salt form of propylparaben. Same estrogenic activity concerns as propylparaben.,"sensitive, hormonal-acne",none
Sodium Butylparaben,,Paraben,Avoid,Sodium salt form of butylparaben. Carries the same endocrine disruption concerns.,all,none
Isopropyl Myristate,IPM,Comedogenic,Avoid,One of the most highly comedogenic ingredients in cosmetics. Clogs pores rapidly and is a well-documented cause of acne cosmetica.,"oily, acne-prone, combination",none
Isopropyl Palmitate,IPP,Comedogenic,Avoid,Highly comedogenic ester similar to isopropyl myristate. Frequently causes breakouts in acne-prone individuals.,"oily, acne-prone",none
Isopropyl Isostearate,,Comedogenic,Avoid,Highly comedogenic emollient. Known to cause clogged pores and milia.,"oily, acne-prone",none
Coconut Oil,Cocos Nucifera Oil,Comedogenic,Caution,"Rates 4 out of 5 on the comedogenicity scale. Despite its popularity, it clogs pores significantly for acne-prone skin.","oily, acne-prone","barrier repair, hydration"
Cocoa Butter,"Theobroma Cacao Seed Butter, Theobroma Cacao Butter, Theobroma Cocoa Butter, Cupuacu Butter, Cocoa Seed Butter",Comedogenic,Caution,Highly comedogenic emollient. Highly occlusive and rates 4 on the comedogenicity scale. Great for dry body skin but problematic on the face.,"oily, acne-prone, combination","barrier repair, hydration"
Wheat Germ Oil,Triticum Vulgare Germ Oil,Comedogenic,Avoid,"One of the most comedogenic oils available, rating 5 out of 5. Avoid entirely if acne-prone.","oily, acne-prone, combination","antioxidant, barrier repair"
Lanolin,"Wool Wax, Wool Grease, Adeps Lanae",Comedogenic,Caution,Derived from sheep wool. Rates 4 on comedogenicity. Also a known allergen for some individuals.,"oily, acne-prone, sensitive","barrier repair, hydration"
Linseed Oil,"Flaxseed Oil, Linum Usitatissimum Seed Oil",Comedogenic,Caution,Rates 4 on comedogenicity scale. Oxidises quickly which can also cause irritation.,"oily, acne-prone",barrier repair
Palm Oil,Elaeis Guineensis Oil,Comedogenic,Caution,Moderately comedogenic. Also raises environmental concerns around deforestation.,"oily, acne-prone",barrier repair
Soybean Oil,Glycine Soja Oil,Comedogenic,Caution,Rates 3-4 on comedogenicity. Can clog pores with regular facial use.,"oily, acne-prone",barrier repair
Peach Kernel Oil,Prunus Persica Kernel Oil,Comedogenic,Caution,Rates 4 on comedogenicity. Light texture but still pore-clogging for acne-prone skin.,"oily, acne-prone","barrier repair, hydration"
Apricot Kernel Oil,Prunus Armeniaca Kernel Oil,Comedogenic,Caution,"Rates 2-3 on comedogenicity. Borderline â€” some acne-prone individuals tolerate it, others do not.","oily, acne-prone","barrier repair, hydration"
Avocado Oil,Persea Gratissima Oil,Comedogenic,Caution,Rates 3 on comedogenicity. Rich and heavy â€” better suited for dry skin and body use.,"oily, acne-prone","barrier repair, hydration"
Olive Oil,Olea Europaea Fruit Oil,Comedogenic,Caution,"Rates 2-3 on comedogenicity. Despite being natural, it can disrupt the skin barrier and clog pores.","oily, acne-prone","barrier repair, hydration"
Corn Oil,Zea Mays Oil,Comedogenic,Caution,Rates 3 on comedogenicity. Frequently used in formulations but problematic for breakout-prone skin.,"oily, acne-prone",barrier repair
Cottonseed Oil,Gossypium Herbaceum Seed Oil,Comedogenic,Caution,Rates 3-4 on comedogenicity. Common in food-grade cosmetics but clogs pores.,"oily, acne-prone",barrier repair
Acetylated Lanolin,Acetylated Wool Wax,Comedogenic,Avoid,Modified lanolin that rates even higher on the comedogenicity scale than regular lanolin.,"oily, acne-prone, sensitive",barrier repair
Acetylated Lanolin Alcohol,,Comedogenic,Avoid,Rates 5 out of 5 on comedogenicity. One of the worst offenders for pore clogging.,"oily, acne-prone",barrier repair
Lauric Acid,,Comedogenic,Caution,The main fatty acid in coconut oil responsible for its comedogenicity. Rates 4 out of 5.,"oily, acne-prone","barrier repair, acne fighting"
Myristic Acid,,Comedogenic,Caution,Saturated fatty acid that rates 3 on the comedogenicity scale.,"oily, acne-prone",barrier repair
Stearic Acid,"Octadecanoic Acid, C18, Hexyldecyl Stearate",Comedogenic,Caution,Rates 2-3 on comedogenicity. Used widely as an emollient and emulsifier. Borderline for acne-prone skin.,"oily, acne-prone",barrier repair
Sodium Stearate,,Comedogenic,Caution,Soap form of stearic acid. Can be drying and comedogenic.,"oily, acne-prone, dry",none
Isostearic Acid,,Comedogenic,Caution,Rates 3 on comedogenicity. Commonly used in lip products and foundation.,"oily, acne-prone",barrier repair
Myristyl Myristate,,Comedogenic,Avoid,Rates 5 out of 5. Extremely comedogenic emollient used in creams and lipsticks.,"oily, acne-prone, combination",barrier repair
Cetyl Acetate,,Comedogenic,Caution,Rates 4 on comedogenicity. Used as an emollient in many lotions.,"oily, acne-prone",none
Decyl Oleate,,Comedogenic,Avoid,Rates 3-4 on comedogenicity. Lightweight feel but still pore-clogging.,"oily, acne-prone",barrier repair
Octyl Stearate,,Comedogenic,Avoid,Rates 5 out of 5. Highly comedogenic emollient. Major acne trigger.,"oily, acne-prone, combination",barrier repair
Octyl Palmitate,Ethylhexyl Palmitate,Comedogenic,Avoid,Rates 4 on comedogenicity. Common in foundations and sunscreens. Problematic for acne-prone skin.,"oily, acne-prone",barrier repair
Glyceryl Stearate,,Comedogenic,Caution,Rates 2-3 on comedogenicity. Mild emulsifier â€” borderline for sensitive acne-prone skin.,"oily, acne-prone",none
Glyceryl Oleate,,Comedogenic,Caution,Rates 3 on comedogenicity. Used in moisturisers and hair products.,"oily, acne-prone",barrier repair
Butyl Stearate,,Comedogenic,Avoid,Rates 3-4 on comedogenicity. Often found in hair pomades and heavy creams.,"oily, acne-prone",none
Jojoba Oil,Simmondsia Chinensis Seed Oil,Comedogenic,Safe,"Technically a liquid wax, not an oil. Rates 0-2 on comedogenicity. Generally non-comedogenic and well tolerated.",none,"barrier repair, oil control"
Rosehip Oil,"Rosa Canina Fruit Oil, Rosa Rubiginosa Oil",Comedogenic,Safe,Rates 1 on comedogenicity. Rich in linoleic acid which can actually help acne-prone skin. Generally safe.,none,"barrier repair, anti-aging"
Hemp Seed Oil,Cannabis Sativa Seed Oil,Comedogenic,Safe,Rates 0 on comedogenicity. High in linoleic acid. Non-pore-clogging and beneficial for acne-prone skin.,none,"barrier repair, soothing"
Argan Oil,Argania Spinosa Kernel Oil,Comedogenic,Safe,Rates 0-1 on comedogenicity. Lightweight and non-greasy. Generally safe for most skin types.,none,"barrier repair, antioxidant"
Marula Oil,"Sclerocarya Birrea Seed Oil, Sclerocarya Birrea (Marula) Seed Oil, Marula Seed Oil",Comedogenic,Safe,Lightweight oil rich in oleic acid and antioxidants. Deeply moisturising and absorbs quickly. Can clog pores for acne-prone skin due to high oleic acid content.,"oily, acne-prone","barrier repair, antioxidant"
Shea Butter,"Butyrospermum Parkii (Shea) Butter, Butyrospermum Parkii Butter, Shea Butter Extract",Comedogenic,Caution,Rates 0-2 on comedogenicity. Generally safe but can cause issues in some acne-prone individuals. Better for body than face.,"oily, acne-prone","barrier repair, hydration"
Castor Oil,Ricinus Communis Seed Oil,Comedogenic,Caution,Rates 1 on comedogenicity but is extremely thick and occlusive. Can cause congestion with heavy use.,"oily, acne-prone",barrier repair
Sunflower Oil,Helianthus Annuus Seed Oil,Comedogenic,Safe,Rates 0-2 on comedogenicity. High in linoleic acid. Generally beneficial for acne-prone and sensitive skin.,none,barrier repair
Grapeseed Oil,Vitis Vinifera Seed Oil,Comedogenic,Safe,Rates 1 on comedogenicity. Lightweight and non-greasy. Safe for most skin types.,none,"barrier repair, antioxidant"
Sea Buckthorn Oil,Hippophae Rhamnoides Oil,Comedogenic,Caution,Rates 2 on comedogenicity. Extremely high in carotenoids â€” can temporarily tint skin orange with prolonged use.,"oily, acne-prone","anti-aging, brightening, antioxidant"
Pumpkin Seed Oil,Cucurbita Pepo Seed Oil,Comedogenic,Safe,Rates 2 on comedogenicity. Contains zinc which can help with acne. Generally well tolerated.,none,"barrier repair, antioxidant"
Tamanu Oil,Calophyllum Inophyllum Seed Oil,Comedogenic,Caution,Rates 2-3 on comedogenicity. Has antibacterial properties but can clog pores in acne-prone individuals.,"oily, acne-prone","barrier repair, acne fighting"
Mineral Oil,"Paraffinum Liquidum, White Mineral Oil, Petrolatum Liquid, Liquid Paraffin, White Petrolatum, Liquid Petrolatum, Huile Minerale, Paraffine, Nujol, Adepsine Oil",Comedogenic,Caution,"Rates 0-2 on comedogenicity. Contrary to popular belief, cosmetic grade mineral oil is not strongly comedogenic but forms a heavy occlusive layer.","oily, acne-prone",barrier repair
Petrolatum,"Petroleum Jelly, White Petrolatum, Vaseline",Comedogenic,Caution,Rates 0-1 on comedogenicity. Excellent occlusive moisturiser but very heavy. Better for dry skin and body use.,"oily, acne-prone",barrier repair
Sodium Lauryl Lactylate,,Comedogenic,Caution,Rates 3 on comedogenicity. Used as an emulsifier in creams.,"oily, acne-prone",none
Algae Extract,"Seaweed Extract, Algae",Comedogenic,Caution,"Rates 4-5 on comedogenicity depending on species. Despite being marketed as beneficial, many algae extracts heavily clog pores.","oily, acne-prone","hydration, antioxidant"
Carrageenan,Irish Moss Extract,Comedogenic,Caution,Derived from red algae. Rates 4 on comedogenicity. Also linked to gut inflammation when ingested.,"oily, acne-prone",hydration
D&C Red Dyes,"D&C Red No. 17, D&C Red No. 21, D&C Red No. 3",Comedogenic,Caution,Synthetic dyes rated 3-5 on comedogenicity. Commonly found in lip products and blush.,"oily, acne-prone",none
Sodium Chloride,"Salt, Table Salt, NaCl",Comedogenic,Caution,High concentrations can be comedogenic. Used as a thickener in shampoos and cleansers. Can cause scalp acne.,"oily, acne-prone",none
Potassium Chloride,,Comedogenic,Caution,Similar to sodium chloride. Comedogenic at higher concentrations.,"oily, acne-prone",none
Beeswax,"Cera Alba, Cera Flava",Comedogenic,Caution,Rates 2 on comedogenicity. Occlusive ingredient used in lip balms and heavy creams. Can trap debris in pores.,"oily, acne-prone",barrier repair
Carnauba Wax,Copernicia Cerifera Wax,Comedogenic,Caution,Rates 1-2 on comedogenicity. Used in lip products and mascara. Generally tolerated but can cause issues for sensitive acne-prone skin.,"oily, acne-prone",none
Candelilla Wax,Euphorbia Cerifera Wax,Comedogenic,Safe,Rates 1 on comedogenicity. Vegan alternative to beeswax. Generally safe for most skin types.,none,none
Fragrance,"Parfum, Fragrance (IFRA-Certified), Perfume, Aroma",Irritant,Avoid,The single biggest cause of cosmetic allergies and contact dermatitis. A fragrance listing can hide hundreds of undisclosed chemicals. Always a red flag for sensitive skin.,"sensitive, eczema, rosacea, all",none
Alcohol Denat,"Denatured Alcohol, SD Alcohol, Ethanol, Isopropyl Alcohol",Irritant,Caution,Drying alcohol that disrupts the skin barrier. Evaporates quickly giving a fresh feel but damages the barrier over time. Different from fatty alcohols.,"sensitive, dry, eczema, rosacea",none
Witch Hazel,"Hamamelis Virginiana Extract, Hamamelis Water, Witch Hazel Extract",Irritant,Caution,"Often used as a natural toner. Contains tannins that can be very drying and irritating, especially in alcohol-based formulations.","sensitive, dry, rosacea",oil control
Menthol,"L-Menthol, Peppermint Derived Menthol",Irritant,Caution,Creates a cooling sensation but is a known irritant. Can trigger flushing and worsen rosacea. Disrupts the skin barrier.,"sensitive, rosacea, eczema",soothing
Peppermint Oil,Mentha Piperita Oil,Irritant,Avoid,Contains high levels of menthol and menthone. Strong irritant and sensitiser. No benefit to skin despite popular use.,"sensitive, rosacea, eczema, all","soothing, oil control"
Eucalyptus Oil,"Eucalyptus Globulus Leaf Oil, Eucalyptus Essential Oil",Irritant,Avoid,Strong irritant with potential for sensitisation. Can trigger allergic reactions with repeated exposure.,"sensitive, eczema, rosacea",acne fighting
Lemon Oil,Citrus Limon Peel Oil,Irritant,Avoid,Phototoxic â€” reacts with UV light to cause dark spots and burns. Strong irritant and sensitiser.,all,brightening
Lime Oil,Citrus Aurantifolia Peel Oil,Irritant,Avoid,Highly phototoxic citrus oil. Can cause severe hyperpigmentation when skin is exposed to sunlight after use.,all,brightening
Bergamot Oil,Citrus Bergamia Peel Oil,Irritant,Avoid,"Contains bergapten, a known phototoxin. Can cause severe pigmentation and burns in sun-exposed skin.",all,none
Cinnamon,"Cinnamomum Zeylanicum Bark Extract, Cinnamon Bark Oil",Irritant,Avoid,One of the most common cosmetic sensitisers. Causes contact dermatitis and can permanently sensitise skin.,all,none
Clove Oil,"Eugenia Caryophyllus Bud Oil, Eugenol",Irritant,Avoid,Eugenol from clove is a major allergen. Causes significant irritation and sensitisation.,all,acne fighting
Tea Tree Oil,Melaleuca Alternifolia Leaf Oil,Irritant,Caution,Antibacterial properties but a known sensitiser with repeated use. Oxidises quickly and becomes more irritating over time.,"sensitive, eczema","acne fighting, soothing"
Lavender Oil,Lavandula Angustifolia Oil,Irritant,Caution,"Despite its calming reputation, lavender oil is a common sensitiser. Contains linalool and linalyl acetate which are allergens.","sensitive, eczema, rosacea",soothing
Rosemary Oil,Rosmarinus Officinalis Leaf Oil,Irritant,Caution,Can be irritating especially for sensitive skin. Contains camphor which is a known irritant.,"sensitive, eczema, rosacea",antioxidant
Geranium Oil,Pelargonium Graveolens Flower Oil,Irritant,Caution,Known skin sensitiser. Contains citronellol and geraniol which are common fragrance allergens.,"sensitive, eczema, rosacea",none
Ylang Ylang Oil,Cananga Odorata Flower Oil,Irritant,Avoid,One of the most allergenic essential oils in cosmetics. Strong sensitiser with little to no skin benefit.,all,none
Jasmine Oil,Jasminum Officinale Flower Extract,Irritant,Caution,Common fragrance allergen. Can cause contact dermatitis in sensitive individuals.,"sensitive, eczema, rosacea",none
Oakmoss,Evernia Prunastri Extract,Irritant,Avoid,Restricted by EU cosmetic regulations due to high allergenicity. Strong sensitiser.,all,none
Treemoss,Evernia Furfuracea Extract,Irritant,Avoid,EU restricted fragrance ingredient. Known sensitiser and allergen.,all,none
Linalool,,Irritant,Caution,Fragrance component found in lavender and many other botanicals. One of the 26 EU-regulated fragrance allergens.,"sensitive, eczema",none
Limonene,,Irritant,Caution,Citrus-derived fragrance component. Oxidises rapidly to form sensitising compounds. One of the 26 EU-regulated fragrance allergens.,"sensitive, eczema",none
Citronellol,,Irritant,Caution,Fragrance allergen found in rose and geranium oils. EU-regulated allergen that must be listed on labels.,"sensitive, eczema",none
Geraniol,,Irritant,Caution,Fragrance allergen found in geranium and rose oils. EU-regulated. Can cause allergic contact dermatitis.,"sensitive, eczema",none
Eugenol,,Irritant,Avoid,Found in clove and cinnamon. Strong sensitiser and one of the most common contact allergens in cosmetics.,all,none
Cinnamal,Cinnamaldehyde,Irritant,Avoid,Major allergen in cinnamon. Causes contact dermatitis even in small amounts. EU-regulated fragrance allergen.,all,none
Isoeugenol,2-Methoxy-4-(1-propenyl)phenol,Irritant,Avoid,Fragrance allergen related to eugenol. Strong sensitiser â€” EU-regulated and restricted in many products.,all,none
Benzyl Alcohol,,Irritant,Caution,Used as a preservative and fragrance ingredient. Can cause contact sensitivity. Also a mild irritant in higher concentrations.,"sensitive, eczema",none
Benzyl Benzoate,,Irritant,Caution,Fragrance ingredient and insecticide. EU-regulated fragrance allergen. Can cause sensitisation.,"sensitive, eczema",none
Benzyl Cinnamate,,Irritant,Caution,Fragrance allergen found in balsam of Peru. EU-regulated. Common cause of cosmetic allergies.,"sensitive, eczema",none
Formaldehyde,"Formalin, Methanal",Irritant,Avoid,Known carcinogen and strong allergen. Banned or restricted in cosmetics in many countries. Can cause severe contact dermatitis.,all,none
DMDM Hydantoin,,Irritant,Avoid,Formaldehyde-releasing preservative. Releases formaldehyde slowly into the formula over time. Linked to hair loss in shampoos.,all,none
Imidazolidinyl Urea,,Irritant,Caution,Formaldehyde-releasing preservative. One of the most common causes of cosmetic contact dermatitis.,"sensitive, eczema, all",none
Diazolidinyl Urea,,Irritant,Caution,Formaldehyde-releasing preservative. Releases more formaldehyde than imidazolidinyl urea. Significant sensitisation risk.,"sensitive, eczema, all",none
Quaternium-15,,Irritant,Avoid,Formaldehyde-releasing preservative. One of the strongest formaldehyde releasers used in cosmetics.,all,none
Bronopol,"2-Bromo-2-Nitropropane-1,3-Diol",Irritant,Avoid,Preservative that releases formaldehyde. Also a potential nitrosamine former. Linked to contact dermatitis.,all,none
Methylisothiazolinone,"MIT, MI",Irritant,Avoid,Powerful preservative associated with a widespread outbreak of contact allergy in Europe. EU has banned it from leave-on products.,all,none
Methylchloroisothiazolinone,"MCI, CMIT",Irritant,Avoid,Even more potent sensitiser than MIT. Restricted in EU rinse-off products and banned from leave-on products.,all,none
Benzalkonium Chloride,"BAC, Alkyldimethylbenzylammonium Chloride",Irritant,Caution,Preservative and surfactant that disrupts the skin barrier. Common in eye drops but can damage the ocular surface with prolonged use.,"sensitive, eczema, rosacea",none
Sodium Hydroxide,"Lye, Caustic Soda",Irritant,Caution,"Used to adjust pH. At high concentrations it is severely caustic. Safe in finished products where it is neutralised, but worth noting.",sensitive,none
Potassium Hydroxide,"KOH, Caustic Potash",Irritant,Caution,Used to adjust pH similar to sodium hydroxide. Safe in neutralised finished products.,sensitive,none
Triethanolamine,"TEA, Triethanoamine, Triethanolamide, Trolamine, Sterolamide",Irritant,Caution,pH adjuster that can form carcinogenic nitrosamines when combined with nitrosating agents. Mild irritant and sensitiser.,"sensitive, all",none
Diethanolamine,DEA,Irritant,Avoid,Can form carcinogenic nitrosamines. EU restricts its use. Associated with liver cancer in animal studies.,all,none
Resorcinol,,Irritant,Caution,Used in hair dyes and some acne treatments. Potential endocrine disruptor. Can cause sensitisation and systemic toxicity at high doses.,"sensitive, all",none
Hydroquinone,,Irritant,Caution,Skin lightening agent banned for OTC use in EU and some Asian countries. Risk of ochronosis (permanent skin darkening) with prolonged use. Requires prescription in many regions.,all,brightening
Triclosan,,Harmful Chemical,Avoid,Antimicrobial agent banned from hand soaps in the US and restricted in EU. Potential endocrine disruptor. Contributes to antibiotic resistance.,all,none
Triclocarban,,Harmful Chemical,Avoid,Similar to triclosan. Banned from OTC antiseptics by FDA. Endocrine disruption concerns.,all,none
BHA,"Butylated Hydroxyanisole, tert-Butyl-4-methoxyphenol",Harmful Chemical,Caution,Antioxidant preservative. Listed as a possible human carcinogen by IARC. Potential endocrine disruptor.,all,antioxidant
BHT,Butylated Hydroxytoluene,Harmful Chemical,Caution,Synthetic antioxidant. Some evidence of endocrine disruption. Considered safe at low cosmetic concentrations but debated.,all,antioxidant
Oxybenzone,Benzophenone-3,Harmful Chemical,Caution,Chemical UV filter. Significant skin penetration and potential endocrine disruption. Banned in Hawaii due to coral reef damage.,"sensitive, all",uv protection
Octinoxate,"Octyl Methoxycinnamate, Ethylhexyl Methoxycinnamate",Harmful Chemical,Caution,Chemical UV filter that penetrates skin and is found in blood and breast milk. Potential hormone disruption. Hawaii banned.,"sensitive, all",uv protection
Homosalate,,Harmful Chemical,Caution,Chemical UV filter that accumulates in the body faster than it can be eliminated. EU has reduced maximum allowable concentration.,all,uv protection
Octisalate,Ethylhexyl Salicylate,Harmful Chemical,Caution,Chemical UV filter and potential endocrine disruptor. Often used to stabilise avobenzone.,"sensitive, all",uv protection
Avobenzone,Butyl Methoxydibenzoylmethane,Harmful Chemical,Caution,Chemical UV filter with some penetration concerns. Degrades in sunlight and needs stabilisers. Generally considered safer than oxybenzone.,sensitive,uv protection
Coal Tar,"Tar, Bitumen",Harmful Chemical,Avoid,Derived from coal processing. Known carcinogen. Used in some dandruff and psoriasis treatments. Long-term use raises cancer risk.,all,none
Lead Acetate,,Harmful Chemical,Avoid,Neurotoxic heavy metal compound. Used in some hair dyes. Banned in EU cosmetics.,all,none
Mercury,"Thiomersal, Thimerosal, Mercuric Chloride",Harmful Chemical,Avoid,Neurotoxic heavy metal. Found in some skin lightening products. Banned in cosmetics in most countries.,all,none
Arsenic,,Harmful Chemical,Avoid,Known carcinogen. Sometimes found as contamination in natural ingredient-derived products.,all,none
Cadmium,"Cd, Cadmium sulfide (CdS), Cadmium oxide (CdO), Cadmium selenide",Harmful Chemical,Avoid,Toxic heavy metal occasionally found as contamination in pigments and colour cosmetics.,all,none
Chromium,,Harmful Chemical,Caution,Hexavalent chromium is a known carcinogen. Found as contamination in some colour cosmetics.,all,none
Phthalates,"DBP, DEHP, DEP, Diethyl Phthalate, Dibutyl Phthalate",Harmful Chemical,Avoid,Group of plasticisers used in fragrances and nail products. Strong endocrine disruptors linked to reproductive harm.,all,none
Toluene,,Harmful Chemical,Avoid,Solvent found in nail polish. Neurotoxic with inhalation. Reproductive toxicant. Banned in EU nail products.,all,none
Formaldehyde Resin,Tosylamide Formaldehyde Resin,Harmful Chemical,Avoid,Used in nail polishes. Strong allergen and potential carcinogen. Causes contact dermatitis of the eyelids from nail touching.,all,none
Styrene,,Harmful Chemical,Avoid,Potential carcinogen found in some fragrance compounds. Listed as possible human carcinogen by IARC.,all,none
Talc,Magnesium Silicate,Harmful Chemical,Caution,Used in powders and eyeshadows. Concerns exist around asbestos contamination in cosmetic-grade talc. Some studies link talc to ovarian cancer.,all,none
Carbon Black,"CI 77266, D&C Black No. 2",Harmful Chemical,Caution,Pigment used in mascaras and eyeliners. Possible carcinogen â€” classified as Group 2B by IARC.,all,none
Styrene Acrylates Copolymer,,Harmful Chemical,Caution,Microplastic film former. Does not biodegrade and accumulates in water systems. Environmental concern.,all,none
Polyethylene,"PE, Polyethylene Beads",Harmful Chemical,Avoid,"Microplastic used as exfoliant beads. Banned in rinse-off cosmetics in UK, US, and EU. Environmental pollutant.",all,none
PFAS,"Perfluoroalkyl Substances, Fluoropolymers, PTFE",Harmful Chemical,Avoid,"Forever chemicals used in some foundations and waterproof cosmetics for smooth application. Linked to cancer, hormone disruption, and immune effects. Do not biodegrade.",all,none
Ethanolamines,"MEA, DEA, TEA, Monoethanolamine",Harmful Chemical,Caution,Group of compounds used as pH adjusters and emulsifiers. Can form carcinogenic nitrosamines. DEA is the most concerning.,"sensitive, all",none
Dimethicone,"Polydimethylsiloxane, PDMS, Dimethyl Polysiloxane",Silicone,Caution,Silicone-based emollient that creates a smooth barrier on skin. Locks in moisture but can clog pores with prolonged use. Generally safe but avoid if acne-prone.,"acne-prone, oily",none
Cyclomethicone,"Cyclopentasiloxane, Cyclohexasiloxane, D4, D5, D6",Silicone,Caution,Volatile silicone that evaporates after application. D4 and D5 are restricted in EU wash-off products due to environmental persistence and potential endocrine effects.,all,none
Cyclopentasiloxane,"D5, Silicone D5",Silicone,Caution,Volatile silicone restricted in EU rinse-off cosmetics. Environmentally persistent.,all,none
Cyclohexasiloxane,D6,Silicone,Caution,Similar to cyclopentasiloxane. EU restricted. Persistent in the environment.,all,none
Phenyl Trimethicone,,Silicone,Safe,Gives hair and skin a glossy appearance. Less occlusive than dimethicone. Generally considered safe.,none,none
Amodimethicone,,Silicone,Safe,Conditioning silicone used in hair products. Targets damaged areas of hair. Generally safe and effective.,none,none
Trimethylsiloxysilicate,,Silicone,Safe,Film-forming silicone used in long-wear makeup. Creates a waterproof coating. Generally safe.,none,none
Caprylyl Methicone,,Silicone,Safe,Lightweight silicone with good spreading properties. Generally well tolerated.,none,none
Cetyl Dimethicone,,Silicone,Safe,Emollient silicone that conditions skin and hair. Generally safe and non-irritating.,none,none
Stearyl Dimethicone,,Silicone,Safe,Heavier silicone used in conditioners and moisturisers. Generally safe.,none,none
PEG-12 Dimethicone,"Silsurf D212CG, Dow Corning 5329, DC 5329, Polyethylene Glycol-12 Dimethicone, PEG-12 Dimethicone Copolyol, Ethoxylated Dimethicone",Silicone,Caution,"Water-soluble silicone. PEG compounds can be contaminated with 1,4-dioxane, a potential carcinogen. Generally safe at cosmetic concentrations.",sensitive,none
Lauryl Methicone Copolyol,,Silicone,Safe,Water-soluble silicone used as a conditioning agent. Generally safe.,none,none
Bis-PEG/PPG-20/20 Dimethicone,,Silicone,Caution,Water-soluble silicone emulsifier. PEG contamination concern applies.,sensitive,none
Silica,"Silicon Dioxide, SiO2",Silicone,Safe,Mineral absorbent and thickener. Completely inert and safe. Used to control shine and texture.,none,none
Dimethiconol,,Silicone,Safe,Variant of dimethicone with similar properties. Provides conditioning and smoothing effects. Generally safe.,none,none
Cetyl Alcohol,"1-Hexadecanol, Palmityl Alcohol",Fatty Alcohol,Safe,"Fatty alcohol derived from coconut or palm oil. Acts as an emollient and thickener. Despite the name, it is not drying and is generally well tolerated.",none,barrier repair
Cetearyl Alcohol,Cetostearyl Alcohol,Fatty Alcohol,Safe,Blend of cetyl and stearyl alcohol. Emulsifier and emollient. Safe for most skin types including sensitive.,none,barrier repair
Stearyl Alcohol,1-Octadecanol,Fatty Alcohol,Safe,Fatty alcohol used as an emollient and thickener. Non-irritating and generally safe.,none,barrier repair
Behenyl Alcohol,"Docosanol, 1-Docosanol",Fatty Alcohol,Safe,"Long-chain fatty alcohol. Emollient and emulsifier. Very well tolerated, safe for sensitive skin.",none,barrier repair
Arachidyl Alcohol,,Fatty Alcohol,Safe,Fatty alcohol used as an emollient. Generally safe and non-irritating.,none,barrier repair
Myristyl Alcohol,1-Tetradecanol,Fatty Alcohol,Caution,Fatty alcohol that rates 2-3 on comedogenicity. Safe for most but may cause issues for acne-prone skin.,"oily, acne-prone",none
Lauryl Alcohol,1-Dodecanol,Fatty Alcohol,Caution,Fatty alcohol that can be moderately comedogenic. May irritate sensitive skin at higher concentrations.,"oily, acne-prone, sensitive",none
Ethanol,"Ethyl Alcohol, Alcohol, Grain Alcohol",Drying Alcohol,Caution,Simple alcohol that evaporates quickly. Drying to the skin barrier with repeated use. Different from fatty alcohols.,"sensitive, dry, eczema, rosacea",none
Isopropyl Alcohol,"Isopropanol, 2-Propanol, Rubbing Alcohol",Drying Alcohol,Avoid,Very drying and irritating to skin. Disrupts the lipid barrier significantly. Not suitable for facial use.,all,none
Benzyl Alcohol,"Phenylmethanol, Benzenemethanol",Drying Alcohol,Caution,Used as a preservative and solvent. Can cause contact sensitivity and is a mild irritant. EU-regulated fragrance allergen.,"sensitive, eczema",none
SD Alcohol 40,"Specially Denatured Alcohol, Alcohol Denat",Drying Alcohol,Caution,Denatured ethanol. Drying to skin and disrupts the barrier. Often used in toners and astringents for a mattifying effect.,"sensitive, dry, eczema, rosacea",none
Phenoxyethanol,,Preservative,Caution,Widely used preservative considered safer than parabens. Some concerns about irritation at higher concentrations. EU limits to 1% in cosmetics.,"sensitive, eczema",none
Ethylhexylglycerin,"Ethylhexyl Glycerine, Ethylhexyl Glycerin",Preservative,Safe,Mild preservative booster derived from glycerin. Often paired with phenoxyethanol. Generally well tolerated.,none,none
Sodium Benzoate,,Preservative,Caution,Preservative that can form benzene (a carcinogen) when combined with vitamin C (ascorbic acid) in formulas. Generally safe alone.,sensitive,none
Potassium Sorbate,,Preservative,Safe,Mild preservative from sorbic acid. Generally well tolerated and considered one of the safer preservatives.,none,none
Sorbic Acid,,Preservative,Safe,Natural preservative. Gentle and generally safe. Can cause mild irritation in very sensitive individuals.,none,none
Caprylyl Glycol,,Preservative,Safe,Mild preservative and skin conditioning agent. Well tolerated by most skin types.,none,none
Chlorphenesin,,Preservative,Caution,Preservative with muscle-relaxing properties. Can cause contact dermatitis in sensitive individuals.,"sensitive, eczema",none
Benzoic Acid,,Preservative,Caution,Preservative that can be irritating at higher concentrations. Generally safe in rinse-off products.,sensitive,none
Salicylic Acid,,BHA,Caution,"Beta hydroxy acid used as both an exfoliant and preservative. Can be drying and irritating, especially for dry or sensitive skin. Avoid during pregnancy.","dry, sensitive, pregnancy","acne fighting, exfoliation, oil control"
Dehydroacetic Acid,,Preservative,Safe,Mild preservative often combined with benzyl alcohol. Generally well tolerated.,none,none
Hexylene Glycol,,Preservative,Caution,Used as a solvent and preservative booster. Can be irritating at higher concentrations.,sensitive,none
Propanediol,"1,3-Propanediol",Preservative,Safe,Plant-derived solvent and humectant. Gentler alternative to propylene glycol. Generally well tolerated.,none,hydration
Pentylene Glycol,,Preservative,Safe,Mild preservative and humectant. Derived from plant sources. Well tolerated including by sensitive skin.,none,hydration
Zinc Pyrithione,Pyrithione Zinc,Preservative,Caution,Active ingredient in anti-dandruff shampoos. Effective antifungal. EU has restricted it as a leave-on cosmetic ingredient due to environmental concerns.,all,acne fighting
Piroctone Olamine,,Preservative,Safe,Anti-dandruff agent and preservative. Gentler alternative to zinc pyrithione. Generally well tolerated.,none,acne fighting
Climbazole,,Preservative,Safe,Antifungal preservative used in anti-dandruff and anti-acne products. Generally safe and effective.,none,acne fighting
Hyaluronic Acid,"Sodium Hyaluronate, Hyaluronan, Hyaluronate, Biohyaluronic acid, Super Hyaluronic Acid, Hydrolyzed Hyaluronic Acid, Sodium Acetylated Hyaluronate, Potassium Hyaluronate",Beneficial,Safe,Powerful humectant that holds up to 1000 times its weight in water. Occurs naturally in the skin. Suitable for all skin types including sensitive and acne-prone.,none,hydration
Glycerin,"Glycerol, Glycerine, Vegetable Glycerin",Beneficial,Safe,One of the most effective and well-studied humectants. Draws moisture from the environment into the skin. Safe for all skin types.,none,hydration
Propylene Glycol,PG,Humectant,Caution,Effective humectant but can cause contact dermatitis in sensitive individuals. Generally safe at concentrations under 5%.,"sensitive, eczema",none
Butylene Glycol,"1,3-Butanediol, BG",Beneficial,Safe,Mild humectant and solvent. Less likely to cause irritation than propylene glycol. Generally well tolerated.,none,hydration
Panthenol,"D-Panthenol, DL-Panthenol, Pro-Vitamin B5, Vitamin B5, Dexpanthenol",Beneficial,Safe,Converts to vitamin B5 in the skin. Deeply hydrating and promotes skin barrier repair. Anti-inflammatory properties. Safe for all skin types.,none,"hydration, soothing"
Sodium PCA,Sodium 2-Pyrrolidone-5-Carboxylate,Beneficial,Safe,Natural component of the skin's Natural Moisturising Factor (NMF). Excellent humectant. Safe for all skin types.,none,hydration
Urea,Carbamide,Beneficial,Safe,Natural component of the skin's NMF. At low concentrations acts as a humectant. At higher concentrations acts as an exfoliant. Very effective for dry and eczema-prone skin.,none,hydration
Betaine,Trimethylglycine,Beneficial,Safe,Derived from sugar beets. Mild humectant and anti-irritant. Helps stabilise other ingredients in formulas.,none,hydration
Erythritol,,Beneficial,Safe,Sugar alcohol used as a humectant. Gentle and well tolerated.,none,hydration
Sorbitol,,Beneficial,Safe,Sugar alcohol humectant. Gentle and effective. Generally well tolerated.,none,hydration
Trehalose,,Beneficial,Safe,Natural sugar with excellent moisture-binding and protective properties. Used in hydrating products.,none,hydration
Inositol,,Beneficial,Safe,Vitamin-like compound with humectant and soothing properties. Beneficial for sensitive and acne-prone skin.,none,hydration
Serine,,Beneficial,Safe,Amino acid that is a natural component of skin's NMF. Hydrating and gentle.,none,hydration
Sodium Lactate,,Beneficial,Safe,Sodium salt of lactic acid. Effective humectant and mild exfoliant. Component of the skin's NMF.,none,hydration
Lactic Acid,,AHA,Caution,Alpha hydroxy acid derived from milk. Exfoliates by loosening the bonds between dead skin cells. Gentler than glycolic acid. Increases sun sensitivity â€” always use SPF.,"sensitive, dry","exfoliation, brightening, hydration"
Glycolic Acid,,AHA,Caution,"Smallest AHA molecule â€” most effective but also most irritating. Exfoliates, brightens, and stimulates collagen. Increases photosensitivity significantly.","sensitive, dry, rosacea","exfoliation, brightening"
Mandelic Acid,,AHA,Safe,Larger AHA molecule derived from bitter almonds. Gentlest AHA. Also has antibacterial properties â€” good for acne-prone skin. Increases sun sensitivity.,none,"exfoliation, brightening"
Malic Acid,,AHA,Safe,Mild AHA derived from apples. Often used in combination with other AHAs. Gentle and generally well tolerated.,none,"anti-aging, exfoliation"
Tartaric Acid,,AHA,Safe,Mild AHA derived from grapes. Often used as a pH adjuster and mild exfoliant.,none,"exfoliation, brightening"
Citric Acid,"2-Hydroxy-1,2,3-propanetricarboxylic acid",AHA,Caution,Mild AHA used primarily as a pH adjuster. At higher concentrations can exfoliate but also irritate.,sensitive,exfoliation
Polyhydroxy Acids,"PHA, Gluconolactone, Lactobionic Acid",PHA,Safe,"Largest exfoliant molecules â€” gentlest exfoliation with additional humectant benefits. Suitable for sensitive, dry, and eczema-prone skin.",none,"exfoliation, hydration"
Azelaic Acid,,Beneficial,Safe,"Multitasking ingredient that exfoliates, reduces hyperpigmentation, kills acne bacteria, and reduces redness. Safe during pregnancy. Excellent for rosacea.",none,"brightening, acne fighting"
Kojic Acid,,Beneficial,Caution,Brightening ingredient that inhibits tyrosinase enzyme. Effective for hyperpigmentation. Can cause sensitisation with prolonged use.,sensitive,brightening
Retinol,"Vitamin A, All-trans Retinol",Retinoid,Caution,"Gold standard anti-ageing ingredient. Increases cell turnover, stimulates collagen, and improves texture. Can cause irritation, dryness, and photosensitivity. Avoid during pregnancy.","sensitive, dry, pregnancy, rosacea","anti-aging, acne fighting"
Retinal,Retinaldehyde,Retinoid,Caution,More potent than retinol but less so than retinoic acid. Faster results with slightly more irritation potential. Avoid during pregnancy.,"sensitive, pregnancy","anti-aging, acne fighting"
Retinyl Palmitate,Vitamin A Palmitate,Retinoid,Safe,Ester form of vitamin A. Weakest retinoid â€” least effective but also least irritating. Safe starting point for retinoid beginners.,pregnancy,anti-aging
Retinyl Acetate,,Retinoid,Safe,Ester form of vitamin A. Milder than retinol. Converted to retinol in the skin.,pregnancy,anti-aging
Granactive Retinoid,"Hydroxypinacolone Retinoate, HPR",Retinoid,Safe,Next-generation retinoid that works without conversion steps. Less irritating than retinol with effective results.,pregnancy,"anti-aging, acne fighting"
Ascorbic Acid,"Vitamin C, L-Ascorbic Acid",Antioxidant,Caution,"Purest form of vitamin C. Powerful antioxidant, brightens, stimulates collagen, protects against UV damage. Unstable â€” oxidises quickly. Can be irritating at high concentrations. Avoid mixing with niacinamide at high concentrations.","sensitive, rosacea","antioxidant, brightening"
Sodium Ascorbyl Phosphate,SAP,Antioxidant,Safe,Stable vitamin C derivative. More gentle than ascorbic acid. Also has antibacterial properties beneficial for acne-prone skin.,none,"antioxidant, brightening"
Ascorbyl Glucoside,AA2G,Antioxidant,Safe,Stable vitamin C derivative. Gentler and more stable than ascorbic acid. Less potent but well tolerated.,none,"antioxidant, brightening"
Magnesium Ascorbyl Phosphate,MAP,Antioxidant,Safe,"Stable, water-soluble vitamin C derivative. Gentle and effective brightener suitable for sensitive skin.",none,"antioxidant, brightening"
Ascorbyl Tetraisopalmitate,"Vitamin C ATIP, Tetrahexyldecyl Ascorbate, VC-IP, Vitamin C Tetraisopalmitate, Ascorbyl tetra-2-hexyldecanoate",Antioxidant,Safe,"Oil-soluble, stable vitamin C derivative. Penetrates well and is very gentle. Good for dry and sensitive skin.",none,"antioxidant, brightening"
Ethyl Ascorbic Acid,3-O-Ethyl Ascorbic Acid,Antioxidant,Safe,Stable and potent vitamin C derivative. Good skin penetration and brightening efficacy.,none,"antioxidant, brightening"
Niacinamide,"Vitamin B3, Nicotinamide",Beneficial,Safe,"Multi-tasking ingredient that reduces pore appearance, controls oil, brightens skin, strengthens the barrier, and reduces redness. Well studied and safe for all skin types including acne-prone and sensitive.",none,"brightening, oil control"
Nicotinic Acid,"Niacin, Vitamin B3 Acid Form",Beneficial,Caution,Can cause temporary flushing (redness and tingling) when applied topically. Convert to niacinamide for stable benefit.,"sensitive, rosacea",brightening
Biotin,"Vitamin B7, Vitamin H",Beneficial,Safe,B vitamin used in hair and nail products. Supports keratin structure. Generally safe and well tolerated.,none,barrier repair
Riboflavin,Vitamin B2,Beneficial,Safe,Antioxidant vitamin. Used in some serums for its skin-protective properties.,none,antioxidant
Pyridoxine,Vitamin B6,Beneficial,Safe,Regulates sebum production. Beneficial for oily and acne-prone skin. Anti-inflammatory properties.,none,soothing
Tocopherol,"Vitamin E, Alpha-Tocopherol, Beta-Tocopherol, Gamma-Tocopherol",Antioxidant,Safe,Fat-soluble antioxidant that protects against oxidative damage. Works synergistically with vitamin C. Moisturising and skin-repairing.,none,"antioxidant, barrier repair"
Tocopheryl Acetate,"Tocopherol Acetate, Vitamin E Acetate, Vitamin E",Antioxidant,Safe,"Stable esterified form of Vitamin E. Acts as an antioxidant, protects skin from free radical damage, and helps maintain skin barrier. More shelf-stable than pure Tocopherol. Safe for all skin types.",none,"antioxidant, barrier repair"
Resveratrol,,Antioxidant,Safe,Powerful antioxidant from grape skins. Anti-inflammatory and protective against UV damage.,none,"antioxidant, anti-aging"
Ferulic Acid,,Antioxidant,Safe,Plant-derived antioxidant that doubles the effectiveness of vitamins C and E. Commonly used in combination serums.,none,"antioxidant, brightening"
Coenzyme Q10,"Ubiquinone, CoQ10",Antioxidant,Safe,Antioxidant naturally present in skin cells. Decreases with age. Helps protect against free radical damage.,none,"antioxidant, anti-aging"
Glutathione,,Antioxidant,Safe,Master antioxidant naturally produced by the body. Brightening and protective. Generally safe.,none,"antioxidant, brightening"
Astaxanthin,,Antioxidant,Safe,One of the most powerful natural antioxidants. Anti-inflammatory and protective. Generally safe and beneficial.,none,"antioxidant, anti-aging"
Lycopene,,Antioxidant,Safe,Carotenoid antioxidant from tomatoes. Protective against UV damage and oxidative stress.,none,"antioxidant, anti-aging"
Beta-Carotene,Provitamin A,Antioxidant,Safe,Antioxidant carotenoid that converts to vitamin A. Protective and brightening. Generally safe.,none,"antioxidant, anti-aging"
Epigallocatechin Gallate,"EGCG, Green Tea Extract",Antioxidant,Safe,Potent antioxidant from green tea. Anti-inflammatory and protective against UV damage. Safe for all skin types.,none,"antioxidant, soothing"
Quercetin,,Antioxidant,Safe,Flavonoid antioxidant with anti-inflammatory and antihistamine properties. Beneficial for sensitive and reactive skin.,none,"antioxidant, soothing"
Ceramide NP,"Ceramide 2, N-stearoyl phytosphingosine",Beneficial,Safe,Key lipid in the skin barrier. Replenishes lost ceramides to restore barrier function. Essential for dry and eczema-prone skin.,none,barrier repair
Ceramide AP,Ceramide 6 II,Beneficial,Safe,"Another key skin barrier ceramide. Works best in combination with other ceramides, cholesterol, and fatty acids.",none,barrier repair
Ceramide EOS,"Ceramide 1, Acylceramide",Beneficial,Safe,"One of the key ceramides found naturally in skin. Helps maintain the skin barrier, retains moisture, and protects against environmental damage. Safe for all skin types including sensitive.",none,barrier repair
Ceramide EOP,"Ceramide 3, Ceramide Type EOP",Beneficial,Safe,Long-chain ceramide crucial for skin barrier integrity. Part of the optimal ceramide complex for barrier repair.,none,barrier repair
Cholesterol,,Beneficial,Safe,Essential component of the skin barrier lipid matrix alongside ceramides and fatty acids. Helps restore barrier function.,none,barrier repair
Fatty Acids,"Linoleic Acid, Linolenic Acid, Oleic Acid",Beneficial,Safe,Essential fatty acids that maintain the skin barrier. Linoleic acid is particularly beneficial for acne-prone skin.,none,barrier repair
Squalane,"Perhydrosqualene, Pripure 3759, Hydrogenated Squalene, Squalane Oil",Beneficial,Safe,"Highly stable emollient derived from olives or sugarcane. Identical to naturally occurring squalene in skin. Lightweight, non-comedogenic, and excellent for all skin types.",none,"barrier repair, hydration"
Squalene,,Beneficial,Safe,Naturally occurring lipid produced by sebaceous glands. Declines with age. Excellent emollient. Note: different from squalane (the stable form).,none,"barrier repair, hydration"
Allantoin,"Aluminum Dihydroxy Allantoinate, 5-Ureidohydantoin",Beneficial,Safe,"Soothing and healing agent. Promotes cell regeneration, reduces irritation, and helps repair the skin barrier. Safe for all skin types including sensitive.",none,soothing
Centella Asiatica Extract,"Cica, Tiger Grass, Gotu Kola, TECA",Beneficial,Safe,"Traditional healing plant extract. Contains madecassoside, asiaticoside, and asiatic acid. Promotes wound healing, reduces inflammation, and strengthens the skin barrier.",none,"soothing, barrier repair"
Madecassoside,,Beneficial,Safe,Active compound from centella asiatica. Potent anti-inflammatory and wound-healing properties. Strengthens the skin barrier.,none,"soothing, barrier repair"
Asiaticoside,,Beneficial,Safe,Active compound from centella asiatica. Stimulates collagen synthesis and promotes healing.,none,"soothing, barrier repair"
Beta-Glucan,"Oat Beta-Glucan, Yeast Beta-Glucan",Beneficial,Safe,Polysaccharide from oats or yeast. Deeply hydrating and soothing. Stimulates collagen production. Safe for all skin types.,none,"soothing, hydration"
Oat Extract,"Avena Sativa Extract, Colloidal Oatmeal",Beneficial,Safe,Anti-inflammatory and soothing. Colloidal oatmeal is an FDA-approved active ingredient for eczema relief.,none,"soothing, barrier repair"
Aloe Vera,"Aloe Barbadensis Leaf Juice, Aloe Extract",Beneficial,Safe,"Soothing, hydrating, and anti-inflammatory. Speeds wound healing. Generally safe â€” rarely some individuals are sensitive to aloe.",none,"soothing, hydration"
Palmitoyl Pentapeptide-4,"Matrixyl, Palmitoyl Pentapeptide",Peptide,Safe,One of the most studied cosmetic peptides. Stimulates collagen and hyaluronic acid production. Effective anti-ageing with good safety profile.,none,anti-aging
Palmitoyl Tripeptide-1,Biopeptide CL,Peptide,Safe,Peptide that stimulates collagen type I synthesis. Often combined with palmitoyl tetrapeptide-7.,none,anti-aging
Palmitoyl Tetrapeptide-7,"Rigin, GQPR",Peptide,Safe,Peptide that reduces inflammation and glycation. Complements palmitoyl tripeptide-1 in anti-ageing formulas.,none,"anti-aging, soothing"
Acetyl Hexapeptide-3,"Argireline, Acetyl Hexapeptide-8",Peptide,Safe,Peptide often marketed as botox-in-a-bottle. Relaxes facial tension with repeated use. Generally safe.,none,anti-aging
Copper Peptide,"GHK-Cu, Copper Tripeptide-1",Peptide,Safe,"Promotes collagen and elastin synthesis, wound healing, and antioxidant activity. One of the most studied cosmetic peptides.",none,"anti-aging, barrier repair"
Leuphasyl,Pentapeptide-18,Peptide,Safe,Peptide that reduces expression lines by relaxing muscular tension. Synergistic with argireline.,none,anti-aging
Syn-Ake,Dipeptide Diaminobutyroyl Benzylamide Diacetate,Peptide,Safe,Synthetic peptide mimicking snake venom (temple viper). Relaxes muscle contractions to reduce wrinkles.,none,anti-aging
Alpha Arbutin,,Beneficial,Safe,Stable form of arbutin that inhibits tyrosinase to reduce hyperpigmentation. Safer and more effective than beta arbutin. Safe for all skin types.,none,brightening
Beta Arbutin,Arbutin,Beneficial,Caution,Converts to hydroquinone in the skin â€” same brightening effect but with hydroquinone-related concerns at higher concentrations.,sensitive,brightening
Tranexamic Acid,,Beneficial,Safe,Brightening ingredient that targets multiple pathways of pigmentation. Gentle and suitable for sensitive skin. Can be used during pregnancy.,none,brightening
Licorice Root Extract,"Glycyrrhiza Glabra Root Extract, Glabridin",Beneficial,Safe,Contains glabridin which inhibits tyrosinase. Brightening and anti-inflammatory. Gentle and safe for sensitive skin.,none,"brightening, soothing"
Vitamin C,Ascorbic Acid and derivatives,Antioxidant,Caution,See Ascorbic Acid entry. Collective term for all vitamin C forms used in skincare.,sensitive,"brightening, antioxidant"
Diacetyl Boldine,,Beneficial,Safe,Plant-derived brightening ingredient from boldo leaves. Inhibits melanin production. Well tolerated.,none,brightening
Bearberry Extract,Arctostaphylos Uva-Ursi Leaf Extract,Beneficial,Safe,Natural source of arbutin. Brightening and antioxidant. Generally safe.,none,brightening
Mulberry Extract,Morus Alba Root Extract,Beneficial,Safe,Contains oxyresveratrol which inhibits tyrosinase. Effective brightener with antioxidant properties.,none,brightening
Zinc Oxide,ZnO,UV Filter,Safe,"Mineral UV filter that provides broad-spectrum UVA and UVB protection. Non-irritating and safe for sensitive, acne-prone, and reactive skin. Safe during pregnancy.",none,"oil control, soothing, uv protection"
Titanium Dioxide,TiO2,UV Filter,Safe,Mineral UV filter primarily for UVB protection. Non-irritating and safe for sensitive skin. Safe during pregnancy.,none,uv protection
Tinosorb S,Bis-Ethylhexyloxyphenol Methoxyphenyl Triazine,UV Filter,Safe,Photostable chemical UV filter available in EU and Asia. Not approved in US. Excellent broad-spectrum protection with low penetration.,none,uv protection
Tinosorb M,Methylene Bis-Benzotriazolyl Tetramethylbutylphenol,UV Filter,Safe,Photostable UV filter. Hybrid mineral-chemical filter. Available in EU and Asia. Low skin penetration.,none,uv protection
Uvinul A Plus,"Diethylamino Hydroxybenzoyl Hexyl Benzoate, DHHB",UV Filter,Safe,Photostable UVA filter with low penetration. Available in EU. Not approved in US.,none,uv protection
Bisabolol,Alpha-Bisabolol,Beneficial,Safe,"Chamomile-derived soothing ingredient. Anti-inflammatory, skin-lightening, and wound-healing properties. Safe for sensitive and irritated skin.",none,soothing
Chamomile Extract,"Matricaria Chamomilla Extract, Anthemis Nobilis Flower Extract",Beneficial,Safe,Anti-inflammatory and soothing. Contains bisabolol and apigenin. Gentle and suitable for sensitive skin.,none,soothing
Calendula Extract,Calendula Officinalis Flower Extract,Beneficial,Safe,Anti-inflammatory and wound-healing. Rich in flavonoids and triterpenoids. Soothing for sensitive and irritated skin.,none,soothing
Green Tea Extract,Camellia Sinensis Leaf Extract,Antioxidant,Safe,"Rich in EGCG and other polyphenols. Antioxidant, anti-inflammatory, and antibacterial. Safe for all skin types including acne-prone.",none,"antioxidant, soothing"
White Tea Extract,Camellia Sinensis Leaf Extract (White Tea),Antioxidant,Safe,Highest antioxidant content of all tea extracts. Gentle and suitable for sensitive skin.,none,"antioxidant, soothing"
Turmeric Extract,"Curcuma Longa Root Extract, Curcumin",Beneficial,Caution,Potent anti-inflammatory and antioxidant. Can cause temporary yellowing of skin at high concentrations.,none,"brightening, soothing"
Rosehip Extract,Rosa Canina Fruit Extract,Beneficial,Safe,"Rich in vitamins C and A, and fatty acids. Brightening and anti-ageing. Generally safe.",none,"soothing, anti-aging, antioxidant"
Licorice Extract,Glycyrrhiza Glabra Root Extract,Beneficial,Safe,Soothing and brightening. Contains glycyrrhizin which reduces inflammation. Safe for sensitive skin.,none,"brightening, soothing"
Willow Bark Extract,Salix Alba Bark Extract,Beneficial,Caution,Natural source of salicylates. Mild exfoliating and antibacterial. Gentler than synthetic salicylic acid.,"sensitive, pregnancy","acne fighting, exfoliation"
Mushroom Extract,"Tremella Fuciformis Extract, Shiitake Extract, Albatrellus Confluens Extract, Ganoderma Lucidum Extract, Lentinus Edodes Extract, Inonotus Obliquus Extract",Beneficial,Safe,Tremella mushroom holds more water than hyaluronic acid. Antioxidant and soothing. Safe for all skin types.,none,"soothing, hydration"
Sea Kelp Extract,Laminaria Digitata Extract,Beneficial,Safe,"Rich in minerals, vitamins, and amino acids. Hydrating and antioxidant. Generally safe.",none,"soothing, hydration"
Red Algae Extract,"Chondrus Crispus Extract, Irish Moss",Beneficial,Safe,Hydrating and film-forming. Rich in minerals. Generally safe when properly formulated.,none,"soothing, hydration"
Collagen,"Hydrolyzed Collagen, Marine Collagen",Beneficial,Safe,Topical collagen acts as a humectant and conditioning agent. Collagen molecules are too large to penetrate skin â€” works on the surface. Safe and non-irritating.,none,"anti-aging, hydration"
Elastin,Hydrolyzed Elastin,Beneficial,Safe,Hydrolyzed form acts as a humectant and conditioning agent on the skin surface. Generally safe.,none,anti-aging
Silk Proteins,"Hydrolyzed Silk, Sericin",Beneficial,Safe,Amino acid-rich proteins that condition and hydrate skin and hair. Form a protective film. Generally safe.,none,"barrier repair, hydration"
Keratin,Hydrolyzed Keratin,Beneficial,Safe,"Structural protein of skin, hair, and nails. Hydrolyzed form strengthens hair and nails. Generally safe.",none,"anti-aging, barrier repair"
Phytic Acid,,Beneficial,Safe,Antioxidant and mild exfoliant. Also chelates metal ions that can accelerate oxidation. Generally gentle.,none,"exfoliation, brightening"
Lactobionic Acid,,Beneficial,Safe,PHA (polyhydroxy acid). Large molecule that exfoliates gently. Also a powerful antioxidant and humectant. Great for sensitive skin.,none,"exfoliation, hydration"
Gluconolactone,,Beneficial,Safe,"PHA with antioxidant and humectant properties alongside gentle exfoliation. Safe for sensitive, dry, and eczema-prone skin.",none,"exfoliation, hydration"
Zinc,"Zinc Gluconate, Zinc Sulfate",Beneficial,Safe,"Regulates sebum production, reduces inflammation, and has antibacterial properties. Beneficial for oily and acne-prone skin.",none,"oil control, acne fighting"
Sulfur,Precipitated Sulfur,Beneficial,Safe,"Keratolytic and antibacterial. Effective for acne, seborrheic dermatitis, and rosacea. Can be drying and has a strong odour.",dry,acne fighting
Selenium,"Selenium Sulfide, Sodium Selenite, Selenium Disulfide",Beneficial,Safe,Antioxidant mineral. Used in anti-dandruff products and some antioxidant serums.,none,antioxidant
Iron Oxides,"CI 77491, CI 77492, CI 77499",Beneficial,Safe,Mineral pigments used in colour cosmetics and tinted SPFs. Safe and non-irritating. Also provide some UV protection.,none,none
Adenosine,,Beneficial,Safe,Purine nucleoside that stimulates collagen synthesis and has anti-inflammatory properties. Good anti-ageing ingredient with an excellent safety profile.,none,"brightening, anti-aging"
Hexylresorcinol,,Beneficial,Safe,Brightening ingredient four times more potent than kojic acid. Also has antibacterial properties. Generally well tolerated.,none,brightening
Epidermal Growth Factor,"EGF, sh-Oligopeptide-1",Beneficial,Caution,Stimulates cell renewal and collagen production. Controversial â€” some dermatologists concerned about potential to stimulate abnormal cell growth.,acne-prone,anti-aging
Stem Cell Extracts,"Plant Stem Cells, Apple Stem Cell",Beneficial,Safe,Plant stem cell extracts provide antioxidants and support skin's own stem cells. Generally safe but efficacy claims are often exaggerated.,none,anti-aging
Probiotics,"Lactobacillus Ferment, Bifida Ferment Lysate",Beneficial,Safe,"Support the skin's microbiome. Anti-inflammatory and barrier-strengthening. Beneficial for acne-prone, sensitive, and eczema-prone skin.",none,"soothing, barrier repair"
Prebiotic,"Inulin, Fructooligosaccharides",Beneficial,Safe,Feed beneficial bacteria on the skin. Support microbiome balance. Generally safe and gentle.,none,"soothing, barrier repair"
Postbiotic,"Fermented Ingredients, Lysates",Beneficial,Safe,By-products of probiotic fermentation. Anti-inflammatory and barrier-supporting. Generally well tolerated.,none,"soothing, barrier repair"
Snail Secretion Filtrate,"Snail Mucin, SSMF",Beneficial,Safe,"Contains glycoproteins, hyaluronic acid, glycolic acid, zinc, and copper. Hydrating, brightening, and healing. Generally safe.",none,"barrier repair, hydration"
Peptides (General),See individual peptide entries,Beneficial,Safe,"Protein fragments that signal skin cells to produce collagen, elastin, and other proteins. Generally safe and well studied.",none,anti-aging
Caffeine,,Beneficial,Safe,Antioxidant and anti-inflammatory. Reduces puffiness by constricting blood vessels. Used in eye creams and anti-cellulite products. Generally safe.,none,"anti-aging, soothing"
Acetyl Glucosamine,"NAG, N-Acetyl Glucosamine",Beneficial,Safe,Precursor to hyaluronic acid. Also has brightening properties and supports skin renewal.,none,"brightening, hydration"
Ectoin,,Beneficial,Safe,Extremophile-derived molecule. Stabilises proteins and cell membranes. Protective and soothing. Excellent for sensitive and environmentally stressed skin.,none,"hydration, soothing"
Snow Algae Extract,Chlamydomonas Nivalis Extract,Beneficial,Safe,Derived from algae that survive in extreme cold. Activates longevity genes in skin cells. Antioxidant and protective.,none,"soothing, anti-aging"
Sea Water,"Aqua Marina, Marine Water",Beneficial,Caution,Rich in trace minerals. Used as a hydrating and mineral-replenishing ingredient. May cause irritation for some sensitive skin types.,"sensitive, eczema",hydration
Thermal Water,"Avene Thermal Spring Water, La Roche-Posay Thermal Water, Demineralized Spring Water, Avene aqua, Uriage thermal spring water, Onsen-Sui",Beneficial,Safe,Mineral-rich spring water with documented soothing and anti-inflammatory properties. Safe for all including sensitive skin.,none,"hydration, soothing"
Rose Water,"Rosa Damascena Flower Water, Rose Hydrosol",Beneficial,Caution,Gentle toner with anti-inflammatory properties. Generally safe but can cause reactions in individuals sensitive to fragrances or rose.,sensitive,"soothing, hydration"
Witch Hazel (Alcohol-Free),"Hamamelis Virginiana Bark/Leaf Extract, Alcohol-Free Witch Hazel, Hamamelis Virginiana Leaf Water, Witch Hazel Water",Beneficial,Safe,Alcohol-free witch hazel retains tannin-based anti-inflammatory benefits without the irritating drying effect of alcohol-based versions.,none,soothing
Hyaluronic Acid (Low Molecular Weight),"Nano Hyaluronic Acid, Sodium Hyaluronate Crosspolymer",Beneficial,Safe,Smaller HA fragments that penetrate deeper into the skin for more intensive hydration. Generally safe.,none,hydration
Polyglutamic Acid,PGA,Beneficial,Safe,"Holds 4 times more moisture than hyaluronic acid. Also inhibits the enzyme that breaks down HA, making your own HA last longer.",none,hydration
Marine Collagen,"Fish Collagen, Hydrolyzed Marine Collagen",Beneficial,Safe,Topically acts as a humectant. Generally safe unless allergic to fish.,fish-allergy,"barrier repair, anti-aging"
Silk Amino Acids,Hydrolyzed Silk Amino Acids,Beneficial,Safe,Conditioning and hydrating amino acids from silk. Safe for skin and hair.,none,"barrier repair, hydration"
Watermelon Extract,Citrullus Lanatus Fruit Extract,Beneficial,Safe,Rich in lycopene and citrulline. Antioxidant and hydrating. Safe for all skin types.,none,"soothing, hydration"
Pomegranate Extract,Punica Granatum Extract,Beneficial,Safe,"Rich in punicalagin and ellagic acid. Antioxidant, anti-inflammatory, and brightening. Safe for most skin types.",none,"soothing, antioxidant"
Sea Buckthorn Extract,Hippophae Rhamnoides Extract,Beneficial,Caution,"Rich in vitamins, omega fatty acids, and carotenoids. Highly nutritive but can tint skin orange at high concentrations.",none,"anti-aging, brightening"
Noni Extract,Morinda Citrifolia Fruit Extract,Beneficial,Safe,Antioxidant and soothing. Anti-ageing properties. Generally safe.,none,"anti-aging, brightening"
Turmeric,Curcuma Longa Root Extract,Beneficial,Caution,Potent anti-inflammatory. Can cause temporary skin yellowing and may stain clothing. Generally safe at low concentrations.,none,"brightening, soothing"
Retinol Derivatives,"Retinyl Palmitate, Retinyl Acetate, Retinyl Linoleate",Retinoid,Safe,Ester forms of vitamin A converted to retinol in skin. Gentler than retinol but less potent. Good for beginners.,pregnancy,anti-aging
Mica,"CI 77019, Potassium Aluminium Silicate",Beneficial,Safe,Natural mineral used to add shimmer and glow to cosmetics. Non-irritating and safe for most skin types.,none,none
Xanthan Gum,,Beneficial,Safe,Natural thickener and stabiliser. Derived from fermentation. Non-irritating and safe for all skin types.,none,none
Carbomer,"Polyacrylic Acid, Carbopol",Beneficial,Safe,Synthetic thickener and gel-forming agent. Generally safe and non-irritating at cosmetic concentrations.,none,none
Hydroxyethylcellulose,HEC,Beneficial,Safe,Natural-derived thickener from cellulose. Non-irritating and safe. Used to give products a gel texture.,none,none
Sodium Hyaluronate,"Hyaluronic Acid Sodium Salt, Kopuron, Hydrolyzed Sodium Hyaluronate, Sodium Acetylated Hyaluronate",Beneficial,Safe,Sodium salt of hyaluronic acid. Penetrates skin more easily than high molecular weight HA. Key hydrating ingredient.,none,hydration
Polyglyceryl Esters,"Polyglyceryl-3 Methylglucose Distearate, Polyglyceryl-6 Distearate",Beneficial,Safe,Gentle emulsifiers derived from plant glycerin. Well tolerated by sensitive skin. Good alternative to ethoxylated emulsifiers.,none,none
Lecithin,"Soy Lecithin, Sunflower Lecithin, Phosphatidylcholine",Beneficial,Safe,Natural emulsifier from plants. Strengthens the skin barrier and has excellent hydrating properties. Generally safe.,none,barrier repair
Linoleic Acid,Omega-6,Beneficial,Safe,Essential fatty acid that the body cannot produce. Deficiency linked to acne. Topical application helps restore barrier and reduce breakouts.,none,barrier repair
Sodium Ascorbate,Vitamin C Salt,Antioxidant,Safe,"Stable, gentle form of vitamin C. Less irritating than ascorbic acid. Effective antioxidant and brightener.",none,"antioxidant, brightening"
Dipotassium Glycyrrhizate,,Beneficial,Safe,Derived from licorice root. Potent anti-inflammatory and soothing agent. Suitable for sensitive and rosacea-prone skin.,none,"brightening, soothing"
Chlorella Extract,Chlorella Vulgaris Extract,Beneficial,Safe,"Freshwater algae rich in proteins, vitamins, and minerals. Antioxidant and detoxifying. Generally safe.",none,"soothing, brightening"
Mushroom Extract (Reishi),Ganoderma Lucidum Extract,Beneficial,Safe,Adaptogenic mushroom with antioxidant and anti-inflammatory properties. Supports the skin barrier.,none,"soothing, anti-aging"
Malachite Extract,,Antioxidant,Safe,Mineral-derived antioxidant that protects against environmental pollutants. Strengthens skin's natural defences.,none,"antioxidant, brightening"
Bakuchiol,Psoralea Corylifolia Seed Extract,Beneficial,Safe,Plant-derived retinol alternative from Psoralea corylifolia. Studies show comparable results to retinol with significantly less irritation. Safe during pregnancy.,none,"anti-aging, acne fighting, antioxidant"
Snow Mushroom,Tremella Fuciformis Sporocarp Extract,Beneficial,Safe,Holds more water than hyaluronic acid. Traditional Asian beauty ingredient with excellent hydrating and brightening properties.,none,hydration
Saccharomyces Ferment,"Yeast Extract, Saccharomyces Cerevisiae Extract",Beneficial,Safe,"Fermented yeast extract rich in amino acids, vitamins, and minerals. Brightening and skin-strengthening.",none,"barrier repair, brightening"
Galactomyces Ferment Filtrate,"Galactomyces, GFF",Beneficial,Safe,"Fermented ingredient that brightens, refines pores, and balances oil. Key ingredient in many Korean skincare products.",none,"brightening, hydration"
Bifida Ferment Lysate,,Beneficial,Safe,Fermented probiotic ingredient that strengthens the skin barrier and has anti-ageing properties.,none,"soothing, barrier repair"
Sodium Lauroyl Glutamate,,Beneficial,Safe,Amino acid-derived gentle surfactant. Very mild cleanser suitable for sensitive and baby skin.,none,none
Cocamidopropyl Betaine,"Cocoamidopropyl Betaine, Cocoamido propyl Betaine, CAPB, Cocoyl Amide Propyldimethyl Glycine, Cocamidopropyl Dimethyl Glycine",Beneficial,Caution,Amphoteric surfactant that reduces irritation of other surfactants. Generally mild but can cause contact dermatitis in some individuals.,"sensitive, eczema",none
Decyl Glucoside,,Beneficial,Safe,Very gentle non-ionic surfactant derived from glucose and coconut. Suitable for sensitive and baby skin.,none,none
Coco Glucoside,,Beneficial,Safe,Gentle surfactant derived from coconut and fruit sugars. Mild and suitable for sensitive skin. Biodegradable.,none,none
Water ,"Aqua, Water/Aqua, Purified Water, Deionized Water, Distilled Water",Beneficial,Safe,The base of most skincare formulations. Acts as a solvent for other ingredients. Completely safe for all skin types.,none,none
Zinc PCA,"Zinc, L-Pyrrolidone Carboxylic Acid Zinc Salt",Beneficial,Safe,"Zinc salt of PCA. Regulates sebum production, has antimicrobial properties. Beneficial for oily and acne-prone skin.",none,"oil control, acne fighting"
Polysorbate 20,"Polysorbate-20, POE 20 Sorbitan Monolaurate, Tween 20",Preservatives,Caution,Emulsifier and solubilizer commonly used in toners and mists. Generally safe but can cause irritation in sensitive individuals with prolonged use.,sensitive,none
Octocrylene,"2-Ethylhexyl 2-Cyano-3,3-Diphenyl Acrylate",Harmful Chemicals,Caution,Chemical UV filter used in sunscreens. Can cause contact allergies in sensitive individuals. May degrade into benzophenone over time which is a potential endocrine disruptor.,sensitive,uv protection
Octyl Salicylate,"Octisalate, 2-Ethylhexyl Salicylate",Harmful Chemicals,Caution,Chemical UV filter used in sunscreens. Weak UVB absorber. Can cause irritation in sensitive skin. Avoid if you have salicylate sensitivity.,sensitive,uv protection
Disodium EDTA,"EDTA, Disodium Ethylenediaminetetraacetate, Ethylenediaminetetraacetic Acid",Preservatives,Caution,Chelating agent that binds metal ions and prevents product spoilage. Generally safe in rinse-off products. Can enhance penetration of other ingredients — concern if used with harmful actives.,sensitive,none
Coco-Glucoside,"Coco Glucoside, Coconut Glucoside",Beneficial,Safe,Gentle plant-derived surfactant made from coconut oil and fruit sugars. One of the mildest cleansing agents available. Safe for all skin types including sensitive and baby skin.,none,none
Methylpropanediol,"MPD, 2-Methyl-1,3-Propanediol",Beneficial,Safe,Humectant and solvent that helps other ingredients penetrate skin. Enhances absorption of actives. Generally well tolerated but can cause mild irritation at high concentrations.,none,hydration
Sodium Cocoyl Glycinate,"Cocoyl Glycinate, Sodium N-Cocoyl Glycinate",Beneficial,Safe,Amino acid based surfactant derived from coconut oil and glycine. Very gentle cleanser that maintains skin's natural pH. Suitable for sensitive and dry skin.,none,none
Camellia Extract,"Camellia Sinensis Extract, Green Tea Extract, White Tea Extract, Camellia Oleifera Extract",Beneficial,Safe,"Antioxidant rich plant extract from the tea plant. Protects against free radical damage, soothes inflammation, and has mild antimicrobial properties. Safe for all skin types.",none,"soothing, antioxidant"
Almond Oil,"Sweet Almond Oil, Prunus Amygdalus Dulcis Oil, Prunus Dulcis Oil",Beneficial,Caution,Emollient oil rich in fatty acids and Vitamin E. Moisturising and soothing. Can clog pores for acne-prone skin. Avoid if you have a nut allergy.,acne-prone,"barrier repair, hydration"
Oats Extract,"Colloidal Oatmeal, Avena Sativa Extract, Oat Extract, Avena Sativa Kernel Extract",Beneficial,Safe,"Soothing and anti-inflammatory extract from oats. Relieves itching, reduces redness, and strengthens the skin barrier. Excellent for sensitive, dry, and eczema-prone skin.",none,"soothing, barrier repair"
Caprylic/Capric Triglyceride,"Caprylic Capric Triglyceride, MCT Oil, Fractionated Coconut Oil, C8-C10 Triglycerides",Beneficial,Safe,"Lightweight emollient derived from coconut oil. Excellent skin feel, non-greasy, and helps other ingredients absorb. Safe for all skin types including acne-prone.",none,barrier repair
Cetearyl Olivate,"Olivem 1000, Cetearyl Olivate & Sorbitan Olivate",Beneficial,Safe,"Plant-derived emulsifier system from olive oil. Mimics skin's natural lipid structure, enhances moisture retention. Exceptionally gentle and suitable for all skin types.",none,barrier repair
Coco-Caprylate/Caprate,"Coco Caprylate, Coco Caprate, Coco-Caprylate",Beneficial,Safe,"Lightweight emollient derived from coconut oil. Provides a dry, silky skin feel without greasiness. Non-comedogenic and suitable for all skin types.",none,barrier repair
Sodium Citrate,"Trisodium Citrate, Citric Acid Sodium Salt",Beneficial,Safe,pH adjuster and buffering agent derived from citric acid. Helps maintain product stability and skin's natural pH. Safe for all skin types.,none,none
Hydroxyethyl Acrylate/Sodium Acryloyldimethyl Taurate Copolymer,"Simulgel NS, Aristoflex AVC, Sodium Acryloyldimethyl Taurate Copolymer",Beneficial,Safe,Synthetic polymer used as a thickener and emulsifier. Creates a lightweight gel texture. Non-comedogenic and well tolerated by all skin types including sensitive.,none,none
Acrylates Copolymer,"Acrylic Acid Copolymer, Acrylates/C10-30 Alkyl Acrylate Crosspolymer",Beneficial,Safe,Synthetic polymer used as a film former and thickener. Helps products spread evenly on skin. Generally safe but may cause irritation in very sensitive individuals.,none,none
Styrene/Acrylates Copolymer,Styrene Acrylates Copolymer,Caution,Caution,Synthetic film-forming polymer. Used to improve texture and wear of products. Limited safety data available. Some concerns around styrene as a potential irritant at high concentrations.,sensitive,none
Polyurethane-100,"Polyurethane, Plastic Polymer",Beneficial,Safe,Synthetic polymer used as a film former and thickener in sunscreens. Helps create water resistant formulations. Considered safe at concentrations used in cosmetics.,none,none
Nylon-12,"Polyamide-12, Nylon Powder",Caution,Caution,Synthetic polymer used as a texture enhancer and slip agent. Creates a smooth skin feel. Microplastic concern — environmental issue. Generally safe for skin but avoid if concerned about microplastics.,none,none
Tapioca Starch,"Cassava Starch, Manihot Esculenta Root Starch",Beneficial,Safe,"Natural thickener and absorbent derived from cassava root. Gives products a silky, powdery finish. Absorbs excess oil. Safe for all skin types.",none,oil control
Saccharide Isomerate,"Pentavitin, Carbohydrate Complex",Beneficial,Safe,Biomimetic humectant derived from plant sugars. Binds to skin keratin and provides long-lasting hydration up to 72 hours. Suitable for all skin types including sensitive.,none,hydration
Octyldodecanol,"2-Octyldodecanol, Eutanol G",Beneficial,Caution,Fatty alcohol used as emollient and thickener. Gives products a rich texture. Can be comedogenic for acne-prone skin at high concentrations.,acne-prone,none
Rice Extract,"Oryza Sativa Extract, Oryza Sativa (Rice) Extract, Rice Bran Extract",Beneficial,Safe,"Antioxidant-rich extract from rice. Brightens skin tone, reduces hyperpigmentation, and provides mild UV protection. Safe for all skin types.",none,brightening
Rice Ferment Filtrate,"Sake, Fermented Rice Water, Rice Ferment Filtrate (Sake), Pitera",Beneficial,Safe,"Fermented rice water rich in vitamins, minerals, and amino acids. Brightens skin, improves texture, and boosts hydration. Safe for all skin types.",none,"brightening, hydration"
White Lotus Extract,"Nelumbo Nucifera Extract, Lotus Extract, Sacred Lotus Extract",Beneficial,Safe,Antioxidant and soothing extract from the white lotus flower. Helps brighten skin and reduce inflammation. Safe for all skin types.,none,"soothing, brightening"
Triheptanoin,"Caprylic/Capric Triglyceride Alternative, C7 Triglyceride",Beneficial,Safe,Lightweight synthetic emollient. Restores skin barrier function and provides excellent skin feel without greasiness. Non-comedogenic and suitable for all skin types.,none,barrier repair
Dicaprylyl Carbonate,Cetiol CC,Beneficial,Safe,"Lightweight emollient ester. Provides a dry, non-greasy skin feel. Enhances spreadability of products. Non-comedogenic and suitable for all skin types.",none,barrier repair
C9-12 Alkane,"C9-12 Alkanes, Undecane, Tridecane",Beneficial,Safe,"Lightweight hydrocarbon emollient. Provides a clean, non-greasy skin feel. Biodegradable alternative to silicones. Safe for all skin types including acne-prone.",none,barrier repair
PEG-100 Stearate,"Polyethylene Glycol Stearate, PEG Stearate",Caution,Caution,"PEG-based emulsifier. Generally safe but may be contaminated with 1,4-dioxane during manufacturing — a potential carcinogen. Avoid if sensitive or concerned about PEG compounds.",sensitive,none
Neopentyl Glycol Diheptanoate,Eldew SL-205,Beneficial,Safe,"Lightweight synthetic emollient ester. Provides a silky, non-greasy skin feel. Non-comedogenic and suitable for all skin types including oily and acne-prone.",none,barrier repair
Olive Oil PEG-7 Esters,"PEG-7 Olive Oil, Olivem 300",Beneficial,Caution,PEG-modified olive oil used as emollient and emulsifier. Gentle and moisturising. Contains PEG which may cause sensitivity in some individuals.,sensitive,barrier repair
Trisodium Ethylenediamine Disuccinate,"TEDS, Dissolvine GL-47-S",Beneficial,Safe,Biodegradable chelating agent used as a greener alternative to EDTA. Prevents product oxidation and extends shelf life. Safe for all skin types.,none,none
Capryloyl/Caproyl Methyl Glucamide,"Tego Amid S 18, Amino Acid Surfactant",Beneficial,Safe,Mild sugar-based surfactant. Gentle cleanser that maintains skin's natural pH and moisture levels. Suitable for sensitive and dry skin.,none,none
Lauroyl/Myristoyl Methyl Glucamide,Amino Acid Surfactant Blend,Beneficial,Safe,Mild amino acid based surfactant blend. Gentle cleansing with good foam and skin feel. Safe for sensitive and dry skin types.,none,none
Tretinoin,"Retinoic Acid, All-Trans Retinoic Acid, Vitamin A Acid",Retinoid,Caution,"Prescription-strength retinoid. Most effective retinoid for anti-aging and acne but causes significant irritation, dryness, and purging especially in early use. Avoid during pregnancy. Always use SPF when using tretinoin.","sensitive, dry","anti-aging, acne fighting"
Adapalene,"Differin, Adapalene Gel",Retinoid,Caution,Third generation retinoid. More stable and less irritating than tretinoin. Effective for acne and early anti-aging. Available OTC in some countries. Avoid during pregnancy.,"sensitive, dry","anti-aging, acne fighting"
Benzoyl Peroxide,"BPO, Benzoylis Peroxydum",Harmful Chemical,Caution,"Powerful antibacterial agent that kills acne-causing bacteria. Very effective for inflammatory acne but causes significant dryness, irritation, and bleaches fabric. Start with low concentrations (2.5%).","sensitive, dry",acne fighting
Chlorhexidine,"Chlorhexidine Gluconate, CHG",Preservatives,Caution,Antimicrobial agent used in some acne treatments and cleansers. Effective against bacteria but can disrupt skin microbiome with prolonged use. Can cause contact dermatitis in sensitive individuals.,sensitive,acne fighting
Ascorbyl Palmitate,"Vitamin C Ester, Ascorbic Acid Palmitate",Antioxidant,Safe,Fat-soluble form of Vitamin C. More stable than ascorbic acid. Antioxidant that protects skin from free radical damage. Less potent than pure Vitamin C but gentler and more stable.,none,"antioxidant, brightening"
Idebenone,Hydroxydecyl Ubiquinone,Antioxidant,Safe,Synthetic antioxidant considered more powerful than Vitamin E and CoQ10. Protects against environmental damage and reduces signs of aging. Well tolerated by most skin types.,none,"antioxidant, anti-aging"
Superoxide Dismutase,"SOD, Copper Zinc Superoxide Dismutase",Antioxidant,Safe,Naturally occurring enzyme and powerful antioxidant. Neutralizes free radicals and protects against oxidative stress. Supports skin repair and reduces inflammation.,none,"antioxidant, anti-aging"
